{
  "overall_accuracy": 0.22282706227193874,
  "turn_accuracies": {
    "0": 0.41,
    "1": 0.311,
    "2": 0.3096192384769539,
    "3": 0.3026315789473684,
    "4": 0.300507614213198,
    "5": 0.2918807810894142,
    "6": 0.27853403141361255,
    "7": 0.2670212765957447,
    "8": 0.251900108577633,
    "9": 0.23444444444444446,
    "10": 0.2116704805491991,
    "11": 0.18461538461538463,
    "12": 0.16281895504252733,
    "13": 0.14196762141967623,
    "14": 0.12340966921119594,
    "15": 0.09342105263157895,
    "16": 0.07142857142857142,
    "17": 0.04834254143646409,
    "18": 0.015714285714285715
  }
}